NAM,X1,X2,X3,V1,V2,V3,M,L,MC,RC,RS,POT,TE
150,-8.672547340393066,102.59236145019531,-133.0507354736328,0.4038844406604767,3.5418598651885986,-3.4916224479675293,2.9443579518950713e-11,0.0,0.0,0.0,202.31948852539062,-0.9298829436302185,8.443044006989364e-12
312,-2.7401928901672363,102.73025512695312,-140.3471221923828,0.3204760253429413,5.695117950439453,-4.4096879959106445,1.4060201614096712e-10,0.0,0.0,0.0,120.14454650878906,-9.076309204101562,9.403557793552508e-11
182,-2.648763418197632,102.89111328125,-137.381103515625,-1.4614403247833252,2.854984760284424,-3.5555849075317383,1.2516153391484153e-10,0.0,0.0,0.0,124.894775390625,-1.0836713314056396,7.859703166079868e-11
404,-3.447316884994507,103.17048645019531,-138.33233642578125,-0.8506238460540771,2.600029468536377,-3.853494644165039,3.8688950538635254,234.25222778320312,0.0,0.0,2.5793981552124023,-0.49616456031799316,14074.7041015625
532,-3.488835573196411,103.1632080078125,-138.34877014160156,0.9842080473899841,2.6360232830047607,-3.594454526901245,0.5563740730285645,0.05217422544956207,0.0,0.0,0.5133329629898071,-0.5710653066635132,3854.268310546875
980,-2.87624454498291,103.34715270996094,-138.34779357910156,-1.244295597076416,3.0489790439605713,-3.9363815784454346,0.09647417813539505,0.0008594621904194355,0.0,0.0,0.13621686398983002,-0.44815221428871155,2680.518310546875
457,-3.811081647872925,102.71575927734375,-139.05889892578125,-0.689065158367157,2.0930261611938477,-2.983001947402954,0.9272117018699646,0.48381802439689636,0.0,0.0,0.8225377202033997,-1.2649465799331665,5313.37109375
120,-3.7731287479400635,102.65158081054688,-138.9686737060547,0.2079787254333496,1.7269177436828613,-3.8683066368103027,7.008816443887511e-11,0.0,0.0,0.0,151.5257110595703,-0.6706594824790955,3.214949140240009e-11
367,-4.822645664215088,102.98273468017578,-139.76783752441406,-0.5431256890296936,2.7804226875305176,-4.393905162811279,0.925375759601593,0.4791587293148041,0.0,0.0,0.8210363984107971,-0.33229491114616394,5305.3759765625
324,-3.4898602962493896,102.57250213623047,-138.4740447998047,-0.21947543323040009,3.887683629989624,-3.0084805488586426,6.79304112960466e-11,0.0,0.0,0.0,153.11338806152344,-0.5852679014205933,3.0636392728267126e-11
660,-4.852319240570068,102.99710845947266,-139.76187133789062,-0.3581477701663971,3.5776216983795166,-4.490420341491699,0.306378036737442,0.013561715371906757,0.0,0.0,0.3063524067401886,-0.3586033284664154,3562.423583984375
578,-2.9411470890045166,104.02204132080078,-139.12078857421875,-0.29174524545669556,2.6002004146575928,-3.277254343032837,0.45461103320121765,0.029804741963744164,0.0,0.0,0.41814279556274414,-0.38979825377464294,3712.671875
448,-2.9956612586975098,104.0412826538086,-139.1200714111328,-0.6163169145584106,2.5617620944976807,-4.31810188293457,1.0269099473953247,0.7958223819732666,0.0,0.0,0.9174391627311707,-0.371932715177536,5697.61279296875
370,-3.8356857299804688,102.50930786132812,-139.2602996826172,-0.38770541548728943,2.6083154678344727,-4.0556535720825195,1.858316139857763e-10,0.0,0.0,0.0,109.47830200195312,-0.5366069674491882,1.4455439623084487e-10
630,-4.067086219787598,102.14564514160156,-140.0128173828125,0.16012056171894073,3.1109352111816406,-3.1572725772857666,0.3603494465351105,0.018444085493683815,0.0,0.0,0.3442085087299347,-0.355206161737442,3629.3681640625
569,-3.9206948280334473,103.3071060180664,-138.65924072265625,-0.542978823184967,3.5319013595581055,-4.129098892211914,0.47208839654922485,0.03263227269053459,0.0,0.0,0.4333932101726532,-1.136358618736267,3730.339111328125
296,-1.491521954536438,102.58445739746094,-138.2232666015625,-0.14662867784500122,2.544203519821167,-3.5550363063812256,1.1543455080698095e-10,0.0,0.0,0.0,128.30865478515625,-0.2966938018798828,6.938084828878033e-11
876,-2.011312961578369,103.45590209960938,-138.656494140625,-1.065922498703003,2.512718915939331,-4.470224380493164,0.1274867057800293,0.0018998609157279134,0.0,0.0,0.16370365023612976,-0.37023937702178955,2981.458740234375
998,-1.9550867080688477,104.07669067382812,-138.1160430908203,-0.708721935749054,1.9822858572006226,-4.230794906616211,0.0926877111196518,0.0007591999601572752,0.0,0.0,0.13804706931114197,-0.3022378981113434,2581.38623046875
510,-3.6136744022369385,102.8658447265625,-139.0574188232422,-0.49976783990859985,1.8369905948638916,-4.236220359802246,0.624913215637207,0.07933227717876434,0.0,0.0,0.5818706154823303,-0.6365906596183777,4020.007080078125
413,-3.9254956245422363,103.24188232421875,-138.67982482910156,0.3261875510215759,3.2543587684631348,-3.3318064212799072,2.1576786041259766,22.200883865356445,0.0,0.0,1.7035425901412964,-0.5338295698165894,9609.3408203125
450,-4.753312587738037,103.25325012207031,-138.69754028320312,-0.3313075304031372,1.8966180086135864,-4.308182716369629,1.0147255659103394,0.7509458661079407,0.0,0.0,0.9042981863021851,-0.37008020281791687,5656.1884765625
730,-3.092358112335205,103.1296157836914,-138.99105834960938,-0.26689884066581726,3.1768317222595215,-3.1341326236724854,0.22542785108089447,0.007338368333876133,0.0,0.0,0.24960970878601074,-0.5040559768676758,3384.906494140625
858,-3.039637565612793,103.12383270263672,-139.06292724609375,-0.8757481575012207,2.5558929443359375,-4.155901908874512,0.13726811110973358,0.0023046880960464478,0.0,0.0,0.17416322231292725,-0.49170002341270447,3033.558349609375
401,-3.6474063396453857,102.87861633300781,-138.97206115722656,-0.3467737138271332,3.0061023235321045,-4.135746479034424,4.8242597579956055,588.4986572265625,0.0,0.0,3.2241289615631104,-0.574177086353302,15849.212890625
134,-4.072328090667725,103.00309753417969,-138.8273162841797,-0.7880181670188904,3.6429507732391357,-2.7632811069488525,2.844956735470472e-11,0.0,0.0,0.0,204.6488800048828,-1.0371111631393433,8.007651833286111e-12
28,-3.4827287197113037,102.906982421875,-138.86322021484375,-1.377634882926941,3.419579029083252,-3.4877772331237793,1.7685967967917549e-10,0.0,0.0,0.0,111.2990951538086,-1.2436031103134155,1.3393672282369096e-10
717,-3.806718111038208,102.6789321899414,-138.38352966308594,-1.1104276180267334,2.4528048038482666,-4.5883588790893555,0.23565027117729187,0.008054363541305065,0.0,0.0,0.257070928812027,-0.5435914993286133,3413.96337890625
648,-3.327242136001587,102.97355651855469,-139.1398468017578,-0.3908628821372986,3.4289677143096924,-2.887310266494751,0.33025509119033813,0.015635276213288307,0.0,0.0,0.3228799104690552,-0.5697140097618103,3595.69970703125
228,-1.5352190732955933,102.2300033569336,-138.45248413085938,0.15224407613277435,3.810523509979248,-3.912879228591919,6.064975605069023e-11,0.0,0.0,0.0,159.01016235351562,-0.29566940665245056,2.572369747766423e-11
709,-2.768281936645508,104.24976348876953,-138.72332763671875,-0.6010825037956238,2.0618274211883545,-3.19730281829834,0.24525216221809387,0.008746803738176823,0.0,0.0,0.2639557123184204,-0.3310847878456116,3439.333984375
937,-6.506592750549316,106.78845977783203,-144.61854553222656,-0.2896507680416107,2.701860189437866,-3.678601026535034,0.10901492089033127,0.0012341098627075553,0.0,0.0,0.14206546545028687,-0.08981238305568695,2873.23876953125
894,-3.893311023712158,102.50201416015625,-139.10916137695312,-1.1587953567504883,2.1776483058929443,-4.025267601013184,0.12184210121631622,0.0016824656631797552,0.0,0.0,0.1573711484670639,-0.5624719858169556,2949.86083984375
469,-3.6049673557281494,102.39532470703125,-139.08868408203125,0.05670158937573433,3.257235527038574,-3.480457305908203,0.823213517665863,0.27135634422302246,0.0,0.0,0.7457005381584167,-0.6020135879516602,4829.2568359375
502,-3.4767770767211914,102.52136993408203,-138.8348846435547,-0.6680485010147095,2.4121339321136475,-4.136112213134766,0.639026939868927,0.08670336753129959,0.0,0.0,0.5956844687461853,-0.6248759031295776,4062.35986328125
313,-3.8794445991516113,102.73362731933594,-138.49891662597656,0.33497926592826843,1.8176723718643188,-3.3679630756378174,0.95183926820755,0.549864649772644,0.0,0.0,0.8434464335441589,-0.5453855395317078,5417.67236328125
760,-3.1727938652038574,103.32857513427734,-139.46487426757812,-0.8441709280014038,3.761550188064575,-4.731911659240723,0.2038763016462326,0.00590686546638608,0.0,0.0,0.23329921066761017,-0.4388847351074219,3316.3486328125
350,-3.6528537273406982,102.26222229003906,-138.7549285888672,-0.9791392087936401,3.5729994773864746,-4.289408206939697,5.342646325345868e-10,0.0,0.0,0.0,76.99262237548828,-0.5406052470207214,7.3637052011577e-10
757,-4.187081336975098,104.23628997802734,-138.17137145996094,-0.007513740099966526,3.0139286518096924,-4.268176555633545,0.20715472102165222,0.006117377895861864,0.0,0.0,0.2358400672674179,-0.31101924180984497,3327.438720703125
924,-4.106348514556885,100.74901580810547,-138.64443969726562,-0.3804890215396881,3.2472434043884277,-3.022326946258545,0.110919289290905,0.0012965848436579108,0.0,0.0,0.1444239765405655,-0.28754422068595886,2885.081787109375
893,-3.169512987136841,102.89569091796875,-137.28086853027344,-0.44370630383491516,2.358288288116455,-3.5892508029937744,0.12233120203018188,0.0017008244758471847,0.0,0.0,0.15792903304100037,-0.3599432110786438,2952.646240234375
514,-3.73402738571167,102.61611938476562,-138.62753295898438,-0.8609644174575806,3.7544870376586914,-3.6075093746185303,0.6112385392189026,0.07283215969800949,0.0,0.0,0.5683066248893738,-0.5807027816772461,3981.685791015625
773,-4.656540393829346,104.97088623046875,-137.20069885253906,-0.5836930274963379,3.378953456878662,-4.056342124938965,0.1914089322090149,0.005131845828145742,0.0,0.0,0.22340178489685059,-0.24619854986667633,3271.919677734375
886,-3.4591124057769775,102.1902084350586,-138.936767578125,-0.6280739903450012,4.001248836517334,-4.442192554473877,0.12463247776031494,0.0017884272383525968,0.0,0.0,0.16053028404712677,-0.534940242767334,2965.62939453125
332,-5.163675785064697,102.7248306274414,-138.56930541992188,-0.6497761011123657,3.0559582710266113,-4.460353851318359,3.199252529562102e-10,0.0,0.0,0.0,91.34506225585938,-0.31508055329322815,3.340065724000141e-10
405,-2.138909339904785,103.49927520751953,-139.04701232910156,-0.41255462169647217,3.2664270401000977,-4.004783630371094,3.7797012329101562,213.16326904296875,0.0,0.0,2.527045726776123,-0.37943509221076965,13888.2998046875
608,-1.8712514638900757,104.20185852050781,-138.1470947265625,-0.599933385848999,3.5810394287109375,-3.941833019256592,0.4044246971607208,0.023125816136598587,0.0,0.0,0.3771653473377228,-0.2866813838481903,3668.900390625
634,-3.8009417057037354,103.45721435546875,-140.36390686035156,-0.41200196743011475,3.2093114852905273,-4.148935317993164,0.34783118963241577,0.017245430499315262,0.0,0.0,0.33524686098098755,-0.3259333372116089,3616.293701171875
737,-3.8682374954223633,103.48371124267578,-140.3938446044922,-0.8283432722091675,3.348426103591919,-4.06963586807251,0.2218814343214035,0.007095322944223881,0.0,0.0,0.24698428809642792,-0.32206663489341736,3374.3173828125
934,-2.1731035709381104,103.47689056396484,-139.19918823242188,0.3040158450603485,3.345777750015259,-3.5159080028533936,0.10942312330007553,0.0012473794631659985,0.0,0.0,0.14257366955280304,-0.40239113569259644,2875.792236328125
536,-3.8333420753479004,103.30840301513672,-138.69346618652344,-0.018365085124969482,3.436469554901123,-4.137613773345947,0.5415734648704529,0.04784861207008362,0.0,0.0,0.4986836314201355,-0.5359931588172913,3826.769775390625
436,-3.664965867996216,102.76334381103516,-138.20022583007812,0.0778009444475174,3.4778966903686523,-4.057512283325195,1.1925358772277832,1.6305407285690308,0.0,0.0,1.1323633193969727,-0.5067663788795471,6135.74853515625
855,-3.971351146697998,103.6941146850586,-139.16307067871094,-1.1086888313293457,2.214143991470337,-3.1708407402038574,0.13966621458530426,0.002409260952845216,0.0,0.0,0.1766359806060791,-0.40554967522621155,3045.852783203125
33,-2.587604284286499,103.19741821289062,-136.84230041503906,-1.1081541776657104,2.694596290588379,-3.520641803741455,0.6972501277923584,0.12540452182292938,0.0,0.0,0.6495099663734436,-0.28671401739120483,4266.4130859375
503,-3.6451194286346436,102.66497802734375,-138.67218017578125,-0.4174083173274994,3.828855037689209,-3.647399425506592,0.6388829946517944,0.0866246372461319,0.0,0.0,0.5955447554588318,-0.6068499088287354,4061.91357421875
52,-6.371894836425781,101.98450469970703,-138.7886199951172,-1.1092157363891602,2.8320672512054443,-3.927448272705078,2.395209863781389e-10,0.0,0.0,0.0,100.5973892211914,-0.21506614983081818,2.137764826271038e-10
798,-3.0087502002716064,102.16279602050781,-138.1222381591797,-0.3987096846103668,2.6754560470581055,-2.875817060470581,0.17694364488124847,0.004286556970328093,0.0,0.0,0.21137285232543945,-0.4362492263317108,3215.733642578125
429,-3.3085711002349854,102.90991973876953,-139.157470703125,-0.8114849328994751,3.1330313682556152,-3.0335283279418945,1.3549810647964478,2.9533045291900635,0.0,0.0,1.3368473052978516,-0.5406326651573181,6551.091796875
323,-2.5106542110443115,103.13528442382812,-136.69700622558594,0.1935364007949829,3.05184006690979,-4.240005970001221,0.6793043613433838,0.11191948503255844,0.0,0.0,0.6335627436637878,-0.2719082236289978,4198.64501953125
671,-4.338348388671875,103.17711639404297,-139.335693359375,-0.7144840359687805,2.7985293865203857,-4.1633453369140625,0.29007408022880554,0.012210730463266373,0.0,0.0,0.2951461970806122,-0.4239901304244995,3535.447265625
638,-2.67212176322937,103.8642349243164,-136.8914031982422,-0.9439374208450317,2.831578493118286,-4.35556173324585,0.342515230178833,0.016750037670135498,0.0,0.0,0.33148255944252014,-0.28037670254707336,3610.365234375
567,-3.3946752548217773,102.16119384765625,-138.86105346679688,-0.7133658528327942,2.9437198638916016,-4.47584342956543,0.4728752076625824,0.0327671654522419,0.0,0.0,0.43409183621406555,-0.5275323390960693,3731.18212890625
832,-2.941985607147217,103.03534698486328,-137.89918518066406,-1.4549586772918701,3.269110918045044,-3.983895778656006,0.15508876740932465,0.0031300766859203577,0.0,0.0,0.19178056716918945,-0.42446231842041016,3120.785888671875
869,-2.1881654262542725,103.49057006835938,-138.6871337890625,-0.13902059197425842,2.7405014038085938,-4.876818656921387,0.12956611812114716,0.0019829669035971165,0.0,0.0,0.16597984731197357,-0.38765886425971985,2992.80712890625
833,-4.300478935241699,102.79011535644531,-139.1726837158203,-0.8178293704986572,3.6105690002441406,-4.057276725769043,0.154760479927063,0.003113883314654231,0.0,0.0,0.19147077202796936,-0.45268967747688293,3119.26220703125
710,-5.729436874389648,102.90789031982422,-135.20655822753906,0.163862943649292,2.958742618560791,-4.213930606842041,0.24498704075813293,0.00872743595391512,0.0,0.0,0.2637670040130615,-0.15694957971572876,3438.657958984375
553,-3.62646222114563,103.08089447021484,-138.5084228515625,-0.2729582190513611,2.1033334732055664,-4.260815143585205,0.5042765736579895,0.0387747548520565,0.0,0.0,0.46278807520866394,-0.5448006391525269,3768.97900390625
785,-3.2919671535491943,102.65487670898438,-138.605224609375,-0.11884892731904984,3.554985761642456,-5.261792182922363,0.18609017133712769,0.004814064130187035,0.0,0.0,0.21905314922332764,-0.5744333863258362,3251.851806640625
485,-1.9920111894607544,103.5136489868164,-138.72653198242188,-0.7484978437423706,3.5018599033355713,-4.183659076690674,0.6931430697441101,0.12218515574932098,0.0,0.0,0.6459161639213562,-0.36089134216308594,4250.53955078125
394,-3.1118533611297607,102.4820556640625,-137.262939453125,-0.25433820486068726,2.940920352935791,-4.381460189819336,1.5443055723096677e-09,0.0,0.0,0.0,54.049312591552734,-0.3480185270309448,3.782413049435718e-09
273,-3.070298910140991,102.42797088623047,-137.07901000976562,-0.20087388157844543,2.6021924018859863,-4.577398777008057,0.8114172220230103,0.2531730532646179,0.0,0.0,0.7374418377876282,-0.31809815764427185,4772.74267578125
455,-3.689960241317749,102.86347961425781,-138.328125,-0.13542141020298004,1.7418156862258911,-3.825814723968506,0.94207763671875,0.5228847861289978,0.0,0.0,0.8349815607070923,-0.5412930250167847,5377.0068359375
938,-2.876471757888794,101.69054412841797,-139.50772094726562,0.258585125207901,1.981857180595398,-4.105174541473389,0.10885997861623764,0.0012290904996916652,0.0,0.0,0.14187218248844147,-0.35521021485328674,2872.267578125
288,-3.379459857940674,103.33631896972656,-138.50296020507812,0.06295735388994217,2.1422805786132812,-4.001623630523682,5.4033999496994056e-11,0.0,0.0,0.0,165.2515411376953,-0.5046845078468323,2.152783507014533e-11
535,-3.1804492473602295,102.39483642578125,-136.95982360839844,-1.256866455078125,2.9538800716400146,-4.430413722991943,0.5458345413208008,0.04904729500412941,0.0,0.0,0.5028827786445618,-0.3070462644100189,3834.404296875
654,-3.2347300052642822,102.8038101196289,-138.80435180664062,-1.779880404472351,2.76050066947937,-3.052506923675537,0.314298152923584,0.014236360788345337,0.0,0.0,0.31181082129478455,-1.1381785869598389,3574.223388671875
672,-4.96522855758667,102.90546417236328,-138.24998474121094,-0.21186362206935883,3.107532262802124,-3.4542925357818604,0.2890283167362213,0.012125751934945583,0.0,0.0,0.29442745447158813,-0.3270075023174286,3533.585205078125
946,-2.496770143508911,103.22002410888672,-139.22055053710938,-0.9232069253921509,4.170056343078613,-3.736830234527588,0.10596773773431778,0.0011371682630851865,0.0,0.0,0.1382249891757965,-0.4415849447250366,2853.9111328125
419,-3.464344024658203,103.34745788574219,-138.33726501464844,-0.2555170953273773,2.998241424560547,-3.327237606048584,1.7403881549835205,8.97506046295166,0.0,0.0,1.540625810623169,-0.4876372218132019,8057.27685546875
602,-4.9153642654418945,102.91869354248047,-138.40184020996094,-0.1326206922531128,3.7847814559936523,-4.170082092285156,0.4172106087207794,0.02466101385653019,0.0,0.0,0.38722309470176697,-0.3389813303947449,3679.591796875
438,-2.8650693893432617,102.66934967041016,-137.82957458496094,0.3235085904598236,3.339667320251465,-3.767782688140869,1.14602530002594,1.350238561630249,0.0,0.0,1.0671982765197754,-0.41931548714637756,6029.1708984375
618,-2.656219005584717,102.76615142822266,-138.57530212402344,-1.0427262783050537,3.0393762588500977,-4.950623035430908,0.3768503665924072,0.020102810114622116,0.0,0.0,0.35626548528671265,-0.45210450887680054,3645.0615234375
706,-3.8455190658569336,103.67767333984375,-139.14683532714844,-0.4113127589225769,3.3597655296325684,-4.516488552093506,0.25048500299453735,0.009131920523941517,0.0,0.0,0.2676658034324646,-0.41761520504951477,3452.404052734375
931,-3.409055709838867,100.81951141357422,-139.0675811767578,0.30419063568115234,2.759775161743164,-3.5842840671539307,0.1098279133439064,0.0012606038944795728,0.0,0.0,0.14307619631290436,-0.3086124062538147,2878.316162109375
683,-2.9377217292785645,103.18143463134766,-140.1724395751953,-0.11960379034280777,2.3648111820220947,-4.1732378005981445,0.2759521007537842,0.011079820804297924,0.0,0.0,0.2854231894016266,-0.3596988916397095,3508.860595703125
988,-4.316178321838379,104.2380142211914,-138.09307861328125,-1.1702290773391724,3.499328851699829,-3.9590585231781006,0.09527385234832764,0.0008270207326859236,0.0,0.0,0.1367865353822708,-0.3047037422657013,2649.3232421875
657,-2.953015089035034,103.45511627197266,-138.3701171875,-0.6685678362846375,4.241118907928467,-3.8017630577087402,0.308513343334198,0.013742383569478989,0.0,0.0,0.30782243609428406,-0.44022464752197266,3565.6845703125
930,-3.2142043113708496,103.29640197753906,-140.12913513183594,-1.261577844619751,2.845402240753174,-3.780916452407837,0.10984931886196136,0.0012613051803782582,0.0,0.0,0.1431027352809906,-0.3722931146621704,2878.449462890625
562,-3.4906461238861084,100.29314422607422,-141.30287170410156,-0.20689865946769714,3.472654104232788,-3.436580181121826,0.48425641655921936,0.03479872643947601,0.0,0.0,0.44431138038635254,-0.18635304272174835,3743.903564453125
659,-5.269114971160889,101.81879425048828,-140.6998748779297,0.15500052273273468,3.136756181716919,-3.9215304851531982,0.30652353167533875,0.013573998585343361,0.0,0.0,0.30645254254341125,-0.2257811427116394,3562.647705078125
883,-2.820556402206421,102.1876449584961,-138.3565216064453,-0.3382898271083832,2.2551870346069336,-3.524697780609131,0.12524400651454926,0.0018120440654456615,0.0,0.0,0.16121506690979004,-0.4436344504356384,2969.0458984375
387,-3.0440571308135986,102.37921905517578,-137.2700958251953,-0.09481067210435867,3.342040777206421,-3.4479610919952393,0.27690446376800537,0.0111549599096179,0.0,0.0,0.286080539226532,-0.34100186824798584,3510.75390625
620,-3.102665662765503,103.4393539428711,-139.38018798828125,-0.4047136902809143,2.266712188720703,-4.19194221496582,0.37604132294654846,0.020019153133034706,0.0,0.0,0.3556671142578125,-0.43090394139289856,3644.324951171875
305,-2.973987102508545,102.2520751953125,-138.62863159179688,-0.8892480134963989,2.3638575077056885,-4.315310001373291,0.7423492074012756,0.16644933819770813,0.0,0.0,0.6867586970329285,-0.4972100257873535,4453.44384765625
743,-4.422214984893799,103.1688461303711,-139.6376495361328,0.367971271276474,3.2277841567993164,-4.475515842437744,0.21922989189624786,0.006915468722581863,0.0,0.0,0.24500760436058044,-0.38025712966918945,3366.22509765625
484,-4.238798141479492,102.97315979003906,-138.86289978027344,-0.578632652759552,2.586284637451172,-3.52732253074646,0.6957197785377502,0.12419547885656357,0.0,0.0,0.6481748223304749,-0.47429805994033813,4260.47412109375
971,-3.5577118396759033,103.45016479492188,-137.40652465820312,-0.8132584095001221,3.1150829792022705,-4.481537342071533,0.0986689031124115,0.0009203453664667904,0.0,0.0,0.13519930839538574,-0.3421248197555542,2737.020263671875
606,-2.0312013626098633,102.70504760742188,-138.46595764160156,-0.07870656251907349,3.949570417404175,-4.320211410522461,0.4107635021209717,0.023874904960393906,0.0,0.0,0.38212066888809204,-0.3578609526157379,3674.19921875
493,-4.097625732421875,103.10211181640625,-138.75384521484375,-0.3023332953453064,2.0301029682159424,-4.224349021911621,0.6663150787353516,0.10306211560964584,0.0,0.0,0.6216397285461426,-0.5097944140434265,4152.24462890625
210,-3.8227427005767822,103.13053894042969,-138.90017700195312,-1.002326250076294,3.4428486824035645,-2.7716259956359863,1.5040778345021266e-10,0.0,0.0,0.0,117.47473907470703,-1.0717989206314087,1.0433505448492753e-10
564,-2.560826539993286,110.74494171142578,-127.19625854492188,-0.33799678087234497,3.3305702209472656,-3.298471212387085,0.477619469165802,0.03359543904662132,0.0,0.0,0.43832600116729736,-0.05144260451197624,3736.362548828125
860,-6.254396915435791,104.06664276123047,-144.58592224121094,-0.395193874835968,3.0886194705963135,-3.6570026874542236,0.13636747002601624,0.0022659492678940296,0.0,0.0,0.17322559654712677,-0.10407860577106476,3028.893798828125
803,-3.078899621963501,108.21804809570312,-141.2252655029297,-0.4057181179523468,2.714550495147705,-3.8983852863311768,0.17506049573421478,0.004181023687124252,0.0,0.0,0.20975720882415771,-0.11606332659721375,3208.039794921875
397,-3077.16357421875,-5042.5107421875,2965.53076171875,-74.44692993164062,-121.86711883544922,70.16195678710938,6.66607141494751,1.000000013351432e-10,6.66607141494751,2.8264143111300655e-05,2.8264143111300655e-05,-0.00011152409570058808,3436.842529296875
268,-5.388507843017578,95.21533966064453,-164.4949188232422,-0.49974581599235535,2.6653425693511963,-4.828185081481934,5.845813416671675e-11,0.0,0.0,0.0,160.97296142578125,-0.0271131731569767,2.430475092018991e-11
663,-4.092250347137451,105.86209869384766,-138.72564697265625,-0.18642555177211761,2.2473316192626953,-4.141578674316406,0.3024325668811798,0.013230208307504654,0.0,0.0,0.3036385178565979,-0.19899827241897583,3556.23779296875
914,-7.293717861175537,109.89656829833984,-147.8231964111328,-0.39153826236724854,3.113633871078491,-3.938535690307617,0.11545320600271225,0.0014511080225929618,0.0,0.0,0.14991499483585358,-0.0590779073536396,2912.593994140625
422,0.419435977935791,106.15389251708984,-142.19642639160156,-0.4326460063457489,2.907055616378784,-3.744699478149414,1.6575745344161987,7.266275882720947,0.0,0.0,1.511608600616455,-0.11348596960306168,7715.88671875
124,-20.254009246826172,106.47755432128906,-130.844482421875,-0.5318366885185242,2.9626262187957764,-3.7731094360351562,7.166588156248821e-11,0.0,0.0,0.0,150.405517578125,-0.03825558349490166,3.327197545255345e-11
21,-3.8253653049468994,101.8206787109375,-143.29124450683594,-0.33430689573287964,3.1663012504577637,-3.8850295543670654,0.47125789523124695,0.03249063715338707,0.0,0.0,0.4326569437980652,-0.1439792513847351,3729.4541015625
739,-6.548374652862549,108.07735443115234,-142.36497497558594,-0.5539748668670654,3.0683443546295166,-3.8788604736328125,0.22122497856616974,0.007050645537674427,0.0,0.0,0.2464960366487503,-0.09728147089481354,3372.327880859375
340,56.59447479248047,22.768821716308594,-120.94810485839844,0.796226978302002,1.2610989809036255,-3.5457067489624023,6.901606369735802e-11,0.0,0.0,0.0,152.30628967285156,-0.007331933826208115,3.13944877039507e-11
662,1.5152369737625122,85.8775863647461,-160.32763671875,-0.3529932498931885,2.6766369342803955,-4.234853744506836,0.30572929978370667,0.013507002964615822,0.0,0.0,0.3059059977531433,-0.026185739785432816,3561.4208984375
680,-8.78246021270752,112.68435668945312,-134.44094848632812,-0.5880523920059204,3.1344077587127686,-3.7499353885650635,0.28139492869377136,0.011511441320180893,0.0,0.0,0.2891760766506195,-0.06021544709801674,3519.482177734375
442,-4.981805801391602,95.22917175292969,-141.40750122070312,-0.5149424076080322,2.9304635524749756,-3.970801591873169,1.0842334032058716,1.0353330373764038,0.0,0.0,0.9851254224777222,-0.08649180084466934,5872.212890625
184,-42.02111053466797,107.17807006835938,-165.0803680419922,-1.4557772874832153,3.085775852203369,-4.572144031524658,1.5104442696589615e-10,0.0,0.0,0.0,117.30945587158203,-0.015696484595537186,1.0501668284979004e-10
919,2.59122633934021,130.5627899169922,-123.19115447998047,-0.3208637535572052,3.6074681282043457,-3.468797206878662,0.11326128989458084,0.0013753921957686543,0.0,0.0,0.14728182554244995,-0.022992083802819252,2899.40966796875
887,-6.1723456382751465,102.0579833984375,-152.34620666503906,-0.4565431773662567,2.878621816635132,-4.193619251251221,0.12452640384435654,0.0017843452515080571,0.0,0.0,0.16041123867034912,-0.05172200873494148,2965.035400390625
576,-4.411721706390381,92.39395141601562,-139.24600219726562,-0.4337957203388214,2.9873576164245605,-3.8921852111816406,0.4565860629081726,0.030108898878097534,0.0,0.0,0.41984033584594727,-0.06829013675451279,3714.575439453125
119,-6.722326278686523,100.34532928466797,-141.0160369873047,-0.3715324401855469,3.3548836708068848,-3.789468765258789,0.7008821368217468,0.12831924855709076,0.0,0.0,0.6526598930358887,-0.14612823724746704,4280.62353515625
594,-10.48207950592041,105.89454650878906,-138.39645385742188,-0.5050119161605835,3.004523992538452,-3.8878610134124756,0.4291491210460663,0.02618754841387272,0.0,0.0,0.396843820810318,-0.09067821502685547,3689.703125
674,-3.767174482345581,96.5223617553711,-137.89588928222656,-0.1396666318178177,3.3268823623657227,-3.9594476222991943,0.2888292372226715,0.012109597213566303,0.0,0.0,0.29429060220718384,-0.11014913022518158,3533.228759765625
632,2.968482732772827,102.21150207519531,-134.15524291992188,-0.1401042491197586,2.8869378566741943,-3.486936569213867,0.35674139857292175,0.01809372939169407,0.0,0.0,0.34161052107810974,-0.09043589979410172,3625.71728515625
861,-20.96820831298828,119.8204345703125,-123.88343811035156,-0.6738941073417664,3.25429630279541,-3.5464038848876953,0.13594524562358856,0.0022478897590190172,0.0,0.0,0.17278434336185455,-0.025740260258316994,3026.697998046875
314,-41.12178039550781,131.4236602783203,-241.77078247070312,-2.7422661781311035,4.528144359588623,-10.021241188049316,9.518397181551563e-11,0.0,0.0,0.0,136.82957458496094,-0.006561840418726206,5.15336766315766e-11
554,-11.114931106567383,108.08223724365234,-140.20321655273438,-0.305774450302124,3.0550310611724854,-3.912060022354126,0.5024675130844116,0.03839246928691864,0.0,0.0,0.4610934853553772,-0.07490243762731552,3766.55712890625
512,-23.68663215637207,111.66326904296875,-136.77342224121094,-0.6731511354446411,3.105710983276367,-3.791567087173462,0.6142709255218506,0.07422156631946564,0.0,0.0,0.5713266730308533,-0.03272538632154465,3989.953369140625
851,-15.886378288269043,109.37472534179688,-119.68279266357422,-0.621911346912384,3.145881175994873,-3.5430469512939453,0.14086446166038513,0.0024622841738164425,0.0,0.0,0.17785882949829102,-0.030819235369563103,3051.9287109375
818,7.472072124481201,120.22635650634766,-139.3975372314453,-0.25238966941833496,3.2987892627716064,-3.8630170822143555,0.16617771983146667,0.0036978989373892546,0.0,0.0,0.2019617259502411,-0.03593551740050316,3170.529296875
947,-22.031009674072266,91.90237426757812,-136.28134155273438,-0.5739194750785828,2.7923099994659424,-3.843892812728882,0.10595352947711945,0.0011367250699549913,0.0,0.0,0.13820688426494598,-0.033510688692331314,2853.81982421875
990,7.590639114379883,103.30148315429688,-126.12261199951172,-0.2392873913049698,3.0071351528167725,-3.5446043014526367,0.09399274736642838,0.0007930685533210635,0.0,0.0,0.1374051868915558,-0.04333837702870369,2615.794677734375
978,-6.295698642730713,104.16094970703125,-140.17056274414062,-0.6502425670623779,3.562128782272339,-4.030394554138184,0.09740004688501358,0.0008849003352224827,0.0,0.0,0.1357838660478592,-0.18372073769569397,2704.43798828125
306,-9.479415893554688,98.5210952758789,-148.45126342773438,-0.5602279305458069,2.8571794033050537,-4.252871036529541,7.423497233594034e-11,0.0,0.0,0.0,148.65005493164062,-0.05852682143449783,3.512853549714201e-11
272,-23.434911727905273,136.7270050048828,-156.45420837402344,-1.0742601156234741,4.078737735748291,-4.411446571350098,8.166054638047981e-11,0.0,0.0,0.0,144.0004425048828,-0.0171780064702034,4.0690291414069435e-11
391,3565.839111328125,-3533.230712890625,-139.24679565429688,222.5896453857422,-224.8104705810547,-4.530275344848633,1.3417683839797974,0.00010021073831012473,1.3417683839797974,1.4000000192027073e-05,1.4000000192027073e-05,-0.00014840920630376786,154504.84375
616,6.111356258392334,102.68920135498047,-145.25645446777344,0.0341775082051754,3.0518670082092285,-4.163478851318359,0.3825349807739258,0.02069801650941372,0.0,0.0,0.3604922294616699,-0.06224287301301956,3650.158935546875
66,-17.501815795898438,185.75746154785156,-152.27587890625,-0.7352407574653625,4.884347915649414,-4.090296745300293,3.0989050214813574e-10,0.0,0.0,0.0,92.32057189941406,-0.008798407390713692,3.1799329835990875e-10
18,-27.33119773864746,237.0708465576172,-535.6701049804688,-0.9426347613334656,5.530172824859619,-12.19403076171875,5.711534578622945e-10,0.0,0.0,0.0,75.29803466796875,-0.0017781895585358143,8.162047704374231e-10
527,-7.841291427612305,104.2123794555664,-140.53436279296875,-0.607988178730011,3.128798484802246,-4.205337047576904,0.5642935037612915,0.05468396842479706,0.0,0.0,0.5212339758872986,-0.1344824880361557,3870.1357421875
800,-1.154740571975708,105.93089294433594,-133.67758178710938,-0.16082929074764252,3.173480272293091,-3.9072868824005127,0.17600448429584503,0.004233791492879391,0.0,0.0,0.2105686366558075,-0.11062038689851761,3211.90771484375
168,1.5245229005813599,280.49493408203125,-224.1107177734375,-0.28147587180137634,7.7294697761535645,-6.020477294921875,1.6772214173066402e-10,0.0,0.0,0.0,113.28466033935547,-0.0037892216350883245,1.2341901112211673e-10
701,-1.4654505252838135,105.10424041748047,-141.9599609375,-0.38137051463127136,2.8808789253234863,-3.45426344871521,0.254508912563324,0.009431667625904083,0.0,0.0,0.2705014944076538,-0.15304802358150482,3462.101806640625
298,-0.24684196710586548,106.25686645507812,-139.25074768066406,-0.9769165515899658,2.734470844268799,-3.891362428665161,3.842758056205042e-11,0.0,0.0,0.0,185.13430786132812,-0.14846614003181458,1.2729066932448685e-11
393,-1120.13037109375,3974.386474609375,11006.4169921875,-33.19417953491211,122.43734741210938,332.02703857421875,1.7829355001449585,2.7545813281903975e-05,1.7829355001449585,1.4000000192027073e-05,1.4000000192027073e-05,-6.426378240576014e-05,111873.546875
865,0.3281037509441376,64.6473159790039,-155.50381469726562,-0.35594069957733154,2.2093069553375244,-4.2334980964660645,0.13240325450897217,0.0020989461336284876,0.0,0.0,0.16903863847255707,-0.01761632226407528,3008.048828125
910,-16.17763900756836,105.38615417480469,-148.35714721679688,-0.5213002562522888,2.9801132678985596,-3.852715253829956,0.11620162427425385,0.0014773918082937598,0.0,0.0,0.15080508589744568,-0.044406481087207794,2917.04736328125
777,24.139999389648438,134.67921447753906,-82.232177734375,0.15220101177692413,3.7235794067382812,-2.5987281799316406,0.19059325754642487,0.005082598887383938,0.0,0.0,0.22274011373519897,-0.010572483763098717,3268.885986328125
390,19.106481552124023,114.23896789550781,-204.23416137695312,0.07538735866546631,3.187854051589966,-5.302266597747803,1.3492242878498928e-09,0.0,0.0,0.0,56.537925720214844,-0.010565928183495998,3.071507714835775e-09
180,-229.58462524414062,177.98680114746094,-89.7366943359375,-6.438638210296631,5.074885368347168,-2.426037311553955,3.684676175286228e-11,0.0,0.0,0.0,187.74488830566406,-0.0030681826174259186,1.1930834792339695e-11
266,164.8304443359375,-7.891994953155518,-45.98935317993164,3.305358648300171,0.5268508791923523,-1.8088260889053345,2.617457119102884e-11,0.0,0.0,0.0,210.41404724121094,-0.003363730851560831,7.042111251770455e-12
154,-3.361288070678711,104.1495590209961,-141.73175048828125,-0.42549172043800354,2.8876094818115234,-3.525637626647949,8.383230221120641e-11,0.0,0.0,0.0,142.7460479736328,-0.1979631632566452,4.2370586206263994e-11
598,-0.9441112279891968,109.63130187988281,-135.6092071533203,-0.46381422877311707,2.9397120475769043,-3.766993761062622,0.4215373992919922,0.02520320564508438,0.0,0.0,0.390683650970459,-0.09081621468067169,3683.230224609375
690,-8.172676086425781,91.14520263671875,-146.0006103515625,-0.5595011115074158,2.7102839946746826,-4.107802867889404,0.26962921023368835,0.010585102252662182,0.0,0.0,0.2810497581958771,-0.04984557256102562,3495.905517578125
977,-8.588092803955078,103.5431900024414,-134.9967041015625,-0.3494405746459961,3.013312578201294,-3.7752063274383545,0.09755463153123856,0.0008891824400052428,0.0,0.0,0.13571211695671082,-0.10671373456716537,2708.419677734375
335,23.450193405151367,116.05400848388672,-108.08680725097656,0.21316684782505035,3.327941656112671,-3.0545172691345215,0.6402412056922913,0.08737069368362427,0.0,0.0,0.5968621969223022,-0.017258524894714355,4066.136474609375
389,-9295.486328125,-6082.2353515625,3669.052734375,-303.2486877441406,-197.84237670898438,121.27145385742188,1.5952776670455933,3.094865314778872e-05,1.5952776670455933,1.4000000192027073e-05,1.4000000192027073e-05,-6.534691783599555e-05,115179.171875
171,12.028739929199219,85.17835998535156,-141.69216918945312,-0.18943125009536743,2.7492384910583496,-3.912642002105713,1.2475138902664185,2.015004873275757,0.0,0.0,1.208592414855957,-0.030731312930583954,6261.9072265625
755,-7.054159641265869,104.51714324951172,-142.01437377929688,-0.7203210592269897,3.2343013286590576,-4.094372272491455,0.20981736481189728,0.006290329620242119,0.0,0.0,0.23788654804229736,-0.12996555864810944,3336.26806640625
733,3.5674993991851807,102.07630920410156,-137.01390075683594,-0.7180724143981934,3.0407865047454834,-3.8648366928100586,0.22536012530326843,0.0073337010107934475,0.0,0.0,0.24955976009368896,-0.09867542237043381,3384.706787109375
965,44.51710891723633,166.24581909179688,-145.68812561035156,0.6333500742912292,4.427182674407959,-3.958853006362915,0.09988231211900711,0.000954869610723108,0.0,0.0,0.1346495896577835,-0.009417695924639702,2767.9677734375
718,-5.3368330001831055,105.98976135253906,-143.08668518066406,-0.24392540752887726,2.840985059738159,-3.687253713607788,0.23528438806533813,0.00802835263311863,0.0,0.0,0.2568064033985138,-0.11872333288192749,3412.960205078125
525,-6.727738857269287,112.1242446899414,-137.30076599121094,-0.4733234941959381,3.2141003608703613,-3.9030325412750244,0.5665450692176819,0.05542382225394249,0.0,0.0,0.5234862565994263,-0.07263459265232086,3874.797607421875
673,-0.22684596478939056,103.25091552734375,-140.95765686035156,-1.0018351078033447,3.1388211250305176,-3.6247165203094482,0.2889033555984497,0.01211560983210802,0.0,0.0,0.2943415641784668,-0.17320792376995087,3533.361572265625
395,16530.685546875,-3789.378662109375,9939.5185546875,454.232421875,-99.19183349609375,277.31536865234375,2.0668890476226807,2.5864112103590742e-05,2.0668890476226807,1.4000000192027073e-05,1.4000000192027073e-05,-3.862347875838168e-05,110125.5078125
774,-4.017760276794434,76.50344848632812,-132.9163055419922,-0.4535307288169861,2.364455223083496,-3.718386173248291,0.19136850535869598,0.005129401106387377,0.0,0.0,0.2233690321445465,-0.02710959129035473,3271.76953125
692,-0.4962180554866791,114.5543441772461,-137.68856811523438,-0.27373722195625305,3.165382146835327,-3.7046117782592773,0.26792022585868835,0.010452629998326302,0.0,0.0,0.2798645496368408,-0.06010777875781059,3492.28759765625
625,8.774438858032227,117.52753448486328,-116.39779663085938,-0.2005167007446289,3.280789613723755,-3.4086124897003174,0.3698350191116333,0.019385693594813347,0.0,0.0,0.3511025309562683,-0.025078071281313896,3638.5712890625
880,-15.22644329071045,105.70271301269531,-138.1719970703125,-0.36460331082344055,2.8936965465545654,-3.906195640563965,0.1260407716035843,0.0018430262571200728,0.0,0.0,0.16210325062274933,-0.059091415256261826,2973.476806640625
895,-6.32127046585083,104.67864990234375,-132.4502716064453,-0.44088029861450195,3.0253169536590576,-3.9945883750915527,0.12125282734632492,0.0016604680567979813,0.0,0.0,0.156696617603302,-0.0964021161198616,2946.49267578125
615,3.195444345474243,118.32160186767578,-143.7522430419922,-0.12023025006055832,3.6877388954162598,-4.0979533195495605,0.3905333876609802,0.021558748558163643,0.0,0.0,0.3665089011192322,-0.04159270599484444,3657.13623046875
582,1.510000228881836,100.10352325439453,-135.7318878173828,-0.6755023002624512,3.094876289367676,-4.069664001464844,0.4470226764678955,0.02866961993277073,0.0,0.0,0.4116817116737366,-0.1102169007062912,3705.54638671875
329,-20.63332176208496,84.00804901123047,-134.38743591308594,-0.7369116544723511,2.6649720668792725,-3.83408260345459,1.1907827854156494,1.6192536354064941,0.0,0.0,1.1298941373825073,-0.028098391368985176,6131.79150390625
945,8.980563163757324,94.40255737304688,-143.1951446533203,-0.29565978050231934,2.949368715286255,-3.858077049255371,0.10639607161283493,0.0011505690636113286,0.0,0.0,0.13876987993717194,-0.04634323716163635,2856.656982421875
859,8.216361045837402,175.10581970214844,-221.6226806640625,-0.1908050924539566,4.448509216308594,-5.526051998138428,0.13725458085536957,0.0023041036911308765,0.0,0.0,0.17414917051792145,-0.006743232719600201,3033.488525390625
920,-11.602737426757812,94.01829528808594,-136.5103759765625,-0.3229948580265045,3.013789415359497,-3.874404191970825,0.11239232867956161,0.001345898723229766,0.0,0.0,0.1462268829345703,-0.05840448662638664,2894.123291015625
574,-0.22988131642341614,98.58313751220703,-142.90562438964844,-0.49896174669265747,2.835756778717041,-3.803896188735962,0.45747634768486023,0.03024723008275032,0.0,0.0,0.4206077456474304,-0.10368150472640991,3715.4404296875
957,-2.9219284057617188,107.47273254394531,-120.88190460205078,-0.47086066007614136,3.105360507965088,-3.689612627029419,0.10271018743515015,0.0010376947466284037,0.0,0.0,0.13402588665485382,-0.039254650473594666,2832.7001953125
908,-2.209587812423706,93.71930694580078,-131.92405700683594,-0.2845267057418823,2.8409299850463867,-3.733736515045166,0.11650751531124115,0.001488197362050414,0.0,0.0,0.15116757154464722,-0.062229715287685394,2918.860595703125
548,-4.308116436004639,104.00029754638672,-139.09445190429688,-1.2079687118530273,2.252939462661743,-4.221302509307861,0.520683765411377,0.042472533881664276,0.0,0.0,0.4783669114112854,-0.34159231185913086,3792.486328125
735,-3.415045738220215,103.01170349121094,-139.4880828857422,-0.5623612999916077,2.4167258739471436,-4.659965515136719,0.22397452592849731,0.007238426245748997,0.0,0.0,0.24853627383708954,-0.46661922335624695,3380.59912109375
784,-3.698268175125122,101.51274871826172,-140.72215270996094,-0.7848840951919556,2.6165740489959717,-4.023090839385986,0.1866903305053711,0.004849523771554232,0.0,0.0,0.21954795718193054,-0.26443761587142944,3254.150390625
781,-3.3116307258605957,104.21554565429688,-139.46160888671875,-0.26574528217315674,4.319892406463623,-4.184072017669678,0.18866130709648132,0.004966692999005318,0.0,0.0,0.2211654931306839,-0.34031420946121216,3261.637451171875
403,-3.1373066902160645,102.4285659790039,-138.43759155273438,-0.7416993975639343,3.2971904277801514,-4.406706809997559,4.416062355041504,403.5801086425781,0.0,0.0,2.9262852668762207,-0.49328556656837463,15139.1552734375
922,-3.080204963684082,102.7287826538086,-138.71739196777344,-0.3421434462070465,3.486499786376953,-3.3506720066070557,0.11179714649915695,0.0013258698163554072,0.0,0.0,0.14550064504146576,-0.5357507467269897,2890.482177734375
540,-3.634246349334717,102.0376968383789,-139.06605529785156,-0.9395515322685242,2.607893228530884,-4.215487003326416,0.5402837991714478,0.04749296233057976,0.0,0.0,0.4974159300327301,-0.47571128606796265,3824.5029296875
1,-4.844125270843506,101.49608612060547,-138.6681671142578,-0.8220248222351074,2.5681874752044678,-3.5570850372314453,0.7997608184814453,0.23623694479465485,0.0,0.0,0.7292271852493286,-0.2961914539337158,4717.1865234375
424,-4.145321369171143,102.94599914550781,-139.23780822753906,-0.39378562569618225,2.977491855621338,-3.028451681137085,1.5324171781539917,5.144244194030762,0.0,0.0,1.461562156677246,-0.9135768413543701,7197.7919921875
275,-2.7938015460968018,102.89678192138672,-138.38108825683594,-1.0895131826400757,3.0009512901306152,-3.5224969387054443,2.7111093997955322,56.30385971069336,0.0,0.0,1.960490345954895,-0.44641923904418945,11303.9375
857,-3.3690695762634277,102.01689147949219,-138.62098693847656,-1.2698034048080444,3.2962698936462402,-3.7248942852020264,0.13941514492034912,0.0023982159327715635,0.0,0.0,0.17637868225574493,-0.48205146193504333,3044.57421875
59,-4.524134159088135,102.59276580810547,-139.54092407226562,-0.5754209160804749,2.494537353515625,-3.7081668376922607,0.2654531002044678,0.010262323543429375,0.0,0.0,0.2781507670879364,-0.3739778399467468,3486.974853515625
439,-3.3471806049346924,102.76652526855469,-139.64256286621094,-0.7099224925041199,3.2542154788970947,-4.539156436920166,1.1355681419372559,1.2925201654434204,0.0,0.0,1.0528143644332886,-0.43777337670326233,6004.28076171875
793,-3.660278797149658,102.58104705810547,-138.3790283203125,0.10828123241662979,3.9657464027404785,-4.114109516143799,0.17931120097637177,0.004420745652168989,0.0,0.0,0.2133868932723999,-0.5459670424461365,3225.281005859375
903,-4.118008613586426,102.29066467285156,-138.0109100341797,-0.3953876793384552,3.87107253074646,-3.996208667755127,0.1181001290678978,0.0015450441278517246,0.0,0.0,0.15304282307624817,-0.4020625948905945,2928.2373046875
973,-3.466963768005371,103.13141632080078,-139.68783569335938,-0.8932137489318848,2.368109941482544,-4.577573299407959,0.09841945767402649,0.0009133241255767643,0.0,0.0,0.13531343638896942,-0.42393141984939575,2730.6328125
898,-3.044936180114746,102.50495147705078,-139.15257263183594,-0.4115418493747711,3.2870900630950928,-3.8827831745147705,0.1203995794057846,0.0016288523329421878,0.0,0.0,0.15571528673171997,-0.5162979364395142,2941.59130859375
351,-3.6407060623168945,102.39431762695312,-137.9897918701172,-0.8964061141014099,2.666038751602173,-4.303050518035889,0.6372454762458801,0.08573407679796219,0.0,0.0,0.5939533710479736,-0.45192140340805054,4056.857421875
571,-1.4830126762390137,102.41046142578125,-138.68301391601562,-0.16473495960235596,3.3633458614349365,-3.8145692348480225,0.46433237195014954,0.03133869171142578,0.0,0.0,0.42656201124191284,-0.2907521426677704,3722.259521484375
624,-3.3399717807769775,101.35333251953125,-138.54544067382812,-0.23377233743667603,3.3495469093322754,-3.9350943565368652,0.3707578182220459,0.019478973001241684,0.0,0.0,0.35177841782569885,-0.3621608018875122,3639.439208984375
720,-2.3079733848571777,103.42871856689453,-138.43080139160156,-1.0435066223144531,3.263150453567505,-3.772017002105713,0.23486793041229248,0.007998778484761715,0.0,0.0,0.2565050423145294,-0.38548243045806885,3411.815185546875
652,-3.771721363067627,103.59290313720703,-138.7964324951172,-0.9287260174751282,2.474417209625244,-4.034533977508545,0.3176778554916382,0.01452809851616621,0.0,0.0,0.31414595246315,-0.4489632546901703,3579.01904296875
333,-3.30226469039917,102.40606689453125,-138.9456024169922,-0.4248567819595337,2.379132032394409,-3.455845355987549,5.702861785888672,1270.8985595703125,0.0,0.0,4.094019412994385,-0.5310252904891968,17050.232421875
471,-3.599205493927002,101.4109878540039,-138.74856567382812,0.08712922781705856,3.564811944961548,-3.0252554416656494,0.8031906485557556,0.2411162555217743,0.0,0.0,0.7316521406173706,-0.3684159815311432,4733.494140625
252,-5.266116619110107,103.06385040283203,-139.11854553222656,-0.4393469989299774,3.238279342651367,-4.358402252197266,3.040473706139579e-10,0.0,0.0,0.0,92.9082260131836,-0.3049532473087311,3.0879690471330434e-10
935,-2.619786262512207,102.5482177734375,-138.73199462890625,-0.8844982385635376,2.243375062942505,-2.967851400375366,0.1092081367969513,0.0012403825530782342,0.0,0.0,0.14230619370937347,-0.44026920199394226,2874.448486328125
588,-3.4218990802764893,101.6241683959961,-139.3993377685547,0.08451757580041885,3.8839290142059326,-4.238642692565918,0.43842631578445435,0.02744414284825325,0.0,0.0,0.4044792056083679,-0.3844921588897705,3697.78662109375
29,-3.9324698448181152,102.42648315429688,-137.69125366210938,-0.3581390082836151,2.2192025184631348,-4.4879655838012695,0.4190652370452881,0.024891935288906097,0.0,0.0,0.3887028396129608,-0.3765021860599518,3681.148681640625
550,-3.257277727127075,100.52367401123047,-138.59811401367188,-0.26967373490333557,2.6187832355499268,-4.254242420196533,0.5127014517784119,0.04062015190720558,0.0,0.0,0.47074171900749207,-0.27788814902305603,3780.6943359375
744,-4.128852367401123,103.95574951171875,-137.5249786376953,-0.9349181652069092,2.421614646911621,-4.065630912780762,0.2188515067100525,0.0068899341858923435,0.0,0.0,0.24472451210021973,-0.3015724718570709,3365.05810546875
71,-2.905195474624634,102.693359375,-138.1180419921875,-0.17350181937217712,2.513662815093994,-3.7701685428619385,0.5019143223762512,0.03827653080224991,0.0,0.0,0.46057623624801636,-0.4530797600746155,3765.822998046875
406,-4.7382941246032715,105.07096862792969,-137.2160186767578,-0.4978649616241455,2.8258094787597656,-3.805771589279175,3.4300878047943115,144.34402465820312,0.0,0.0,2.330561876296997,-0.20350685715675354,13118.884765625
489,-3.396122932434082,102.25100708007812,-140.21563720703125,-1.0741329193115234,3.3968565464019775,-3.2643544673919678,0.6774095296859741,0.1105816513299942,0.0,0.0,0.6318427324295044,-0.33649057149887085,4191.73486328125
806,-2.9512178897857666,102.21856689453125,-138.8404083251953,0.2705538272857666,2.077857732772827,-3.9558544158935547,0.17396274209022522,0.00411999924108386,0.0,0.0,0.20880962908267975,-0.4904725253582001,3203.513427734375
555,-2.178576946258545,102.75249481201172,-138.3773651123047,0.6931710243225098,3.1326959133148193,-3.234811544418335,0.5001331567764282,0.037906236946582794,0.0,0.0,0.4589139521121979,-0.37917500734329224,3763.479736328125
770,-4.783306121826172,102.54463958740234,-138.50003051757812,-0.7883604168891907,3.339833974838257,-4.311439514160156,0.19349581003189087,0.0052586751990020275,0.0,0.0,0.2250862866640091,-0.35362181067466736,3279.609130859375
437,-3.3848793506622314,100.93830871582031,-139.12899780273438,-0.41417619585990906,2.4696013927459717,-4.18870210647583,1.158128261566162,1.419419765472412,0.0,0.0,1.084014654159546,-0.3072700798511505,6057.419921875
907,-3.7536184787750244,102.88233184814453,-138.77996826171875,-0.9204935431480408,3.0079879760742188,-4.570933818817139,0.11694996058940887,0.0015038911951705813,0.0,0.0,0.1516905575990677,-0.5923789739608765,2921.476318359375
490,-2.316842794418335,102.96729278564453,-138.27879333496094,-0.772736668586731,2.5675296783447266,-2.8265905380249023,0.6756008267402649,0.10931941121816635,0.0,0.0,0.6301946043968201,-0.38738375902175903,4185.18359375
183,-3.192491292953491,103.23809814453125,-137.0233154296875,-0.05264520272612572,3.308185577392578,-2.4654877185821533,1.5104446411132812,4.824084281921387,0.0,0.0,1.4507757425308228,-0.31564292311668396,7109.3701171875
875,-2.923579454421997,103.61227416992188,-137.42068481445312,-0.6286308169364929,3.4816038608551025,-3.977170705795288,0.12759895622730255,0.0019043060019612312,0.0,0.0,0.16382728517055511,-0.33828774094581604,2982.075439453125
472,-3.442385673522949,103.5254135131836,-138.56103515625,-1.0594282150268555,3.4775145053863525,-3.0438485145568848,0.7929874658584595,0.22685079276561737,0.0,0.0,0.724416971206665,-0.45895421504974365,4685.09375
474,-5.8371124267578125,99.41838836669922,-137.11451721191406,-0.507633626461029,2.743356227874756,-3.5949904918670654,0.7892972230911255,0.2218742072582245,0.0,0.0,0.7217802405357361,-0.15237227082252502,4667.68701171875
768,-3.4788007736206055,103.40760803222656,-137.3603515625,-1.120928168296814,3.175915002822876,-3.8076560497283936,0.19593949615955353,0.0054086958989501,0.0,0.0,0.2270440310239792,-0.3418393135070801,3288.483154296875
557,-3.001984119415283,103.41216278076172,-139.47862243652344,-0.3065810799598694,2.7705066204071045,-3.5291318893432617,0.4958341121673584,0.03703116253018379,0.0,0.0,0.45492130517959595,-0.4181482195854187,3757.9521484375
816,-3.1674935817718506,102.62588500976562,-137.5491180419922,-0.3095129132270813,3.778988838195801,-3.1503467559814453,0.16622310876846313,0.003700305474922061,0.0,0.0,0.20200234651565552,-0.39157235622406006,3170.72607421875
864,-3.469799041748047,103.7894058227539,-137.909912109375,-0.5373254418373108,3.376891613006592,-4.361631393432617,0.13318085670471191,0.0021312518510967493,0.0,0.0,0.16986779868602753,-0.3707242012023926,3012.178466796875
452,-3.7623164653778076,102.3774185180664,-138.20724487304688,0.05037643387913704,3.070216178894043,-3.730013370513916,0.9841070771217346,0.6469054818153381,0.0,0.0,0.8732442855834961,-0.46975043416023254,5545.23388671875
572,-3.3914718627929688,102.21578216552734,-139.1481475830078,-0.413953572511673,3.1354610919952393,-2.923367500305176,0.46278515458106995,0.031088240444660187,0.0,0.0,0.4252113699913025,-0.5066882967948914,3720.695556640625
498,-4.376845359802246,104.86919403076172,-140.71884155273438,-0.411411851644516,3.1638519763946533,-3.653139114379883,0.6492420434951782,0.09248799830675125,0.0,0.0,0.6055305600166321,-0.21074344217777252,4094.782470703125
500,-3.094757318496704,102.37201690673828,-139.19671630859375,0.2726467251777649,3.562612771987915,-4.255585670471191,0.6415829658508301,0.08811432868242264,0.0,0.0,0.5981612205505371,-0.49320054054260254,4070.333740234375
542,-2.052610397338867,103.9461898803711,-138.02969360351562,-0.9887900948524475,3.3824920654296875,-3.696195602416992,0.5371120572090149,0.04663214087486267,0.0,0.0,0.49430516362190247,-0.30763471126556396,3819.014404296875
890,-4.28510046005249,102.44316101074219,-139.215087890625,-0.9601552486419678,3.2694599628448486,-4.6325860023498535,0.12370318919420242,0.0017528098542243242,0.0,0.0,0.15948452055454254,-0.4342714250087738,2960.41064453125
230,-4.111799240112305,102.75614929199219,-139.39154052734375,-0.5344156622886658,2.8079710006713867,-4.234706878662109,2.765640147450732e-11,0.0,0.0,0.0,206.58685302734375,-0.4558047950267792,7.666083046142802e-12
956,-4.767306804656982,102.61114501953125,-138.5856170654297,-0.10517337918281555,3.5152246952056885,-4.116722106933594,0.10278487950563431,0.0010399268940091133,0.0,0.0,0.13412326574325562,-0.36073121428489685,2833.193115234375
271,-3.1718363761901855,103.12916564941406,-138.63107299804688,0.018466897308826447,3.202465295791626,-4.34295654296875,0.8166055679321289,0.26103872060775757,0.0,0.0,0.7410785555839539,-0.5101796984672546,4797.57373046875
809,-3.0549991130828857,102.79498291015625,-139.73402404785156,0.4216177761554718,1.9297562837600708,-4.171994209289551,0.17088544368743896,0.003950898535549641,0.0,0.0,0.20613013207912445,-0.4173756241798401,3190.661865234375
561,-3.156874895095825,102.48834991455078,-137.77162170410156,-0.5619763731956482,3.4954745769500732,-4.137942314147949,0.48691481351852417,0.035295914858579636,0.0,0.0,0.44672882556915283,-0.41495317220687866,3747.025634765625
826,-3.1534218788146973,103.23316955566406,-138.1389617919922,-0.21222199499607086,1.9856185913085938,-3.651249885559082,0.15610246360301971,0.0031803050078451633,0.0,0.0,0.19273395836353302,-0.45258450508117676,3125.471923828125
601,-4.020327091217041,102.51181030273438,-138.8906707763672,-0.5028940439224243,2.706312656402588,-4.438188552856445,0.41805192828178406,0.02476549707353115,0.0,0.0,0.3878936767578125,-0.5159379243850708,3680.297607421875
440,-2.595886707305908,103.17778778076172,-139.25425720214844,-0.6057324409484863,3.5510494709014893,-3.9481699466705322,1.1185718774795532,1.2026764154434204,0.0,0.0,1.0298055410385132,-0.4298321306705475,5962.6201171875
373,-3.8591060638427734,102.0443115234375,-139.4285430908203,0.4786420464515686,2.7568044662475586,-3.5039713382720947,0.6101100444793701,0.07232245057821274,0.0,0.0,0.5671811699867249,-0.8473960161209106,3978.642333984375
364,-2.576029062271118,103.20655822753906,-138.51463317871094,0.3308154046535492,3.2435312271118164,-2.8299005031585693,1.2109224734047075e-10,0.0,0.0,0.0,126.2784194946289,-0.43347519636154175,7.46923634054042e-11
246,-4.3736371994018555,102.18968200683594,-139.7765350341797,0.1378268152475357,2.9241087436676025,-4.473904132843018,4.168567921403188e-11,0.0,0.0,0.0,180.17959594726562,-0.35237815976142883,1.4430619893479602e-11
759,-2.8854455947875977,102.98873138427734,-138.49612426757812,-0.7935352921485901,2.5681512355804443,-3.4873125553131104,0.20483694970607758,0.00596826896071434,0.0,0.0,0.23404622077941895,-0.4857116937637329,3319.62353515625
516,-2.148861885070801,104.01607513427734,-138.3385009765625,-0.4194696843624115,3.0664918422698975,-4.079456806182861,0.6038295030593872,0.06955717504024506,0.0,0.0,0.5609049201011658,-0.3251987099647522,3962.035888671875
584,-5.688325881958008,99.54330444335938,-137.37948608398438,-0.38579949736595154,3.2486412525177,-4.3232197761535645,0.4452669620513916,0.028414281085133553,0.0,0.0,0.4102006256580353,-0.1626230627298355,3703.9365234375
497,-4.202019214630127,102.33184051513672,-139.07020568847656,-0.8622543215751648,3.447810649871826,-3.6794681549072266,0.6503727436065674,0.09315256029367447,0.0,0.0,0.6066114902496338,-0.44202762842178345,4098.4619140625
950,-1.4055660963058472,103.25616455078125,-138.1462860107422,-0.9323626160621643,2.7148702144622803,-3.870880365371704,0.10527535527944565,0.001115664024837315,0.0,0.0,0.13734067976474762,-0.281486839056015,2849.45166015625
105,-3.500908136367798,102.48287200927734,-138.4049835205078,-0.23926357924938202,3.284045934677124,-3.7512295246124268,1.2844996452331543,2.308687925338745,0.0,0.0,1.2568466663360596,-0.5450286269187927,6352.9833984375
715,-3.4491636753082275,103.06045532226562,-138.91937255859375,-0.1567349135875702,2.3145177364349365,-3.7565348148345947,0.236866295337677,0.00814101379364729,0.0,0.0,0.25794896483421326,-0.5659762024879456,3417.27783203125
462,-4.242787837982178,102.78958892822266,-138.98988342285156,0.04548836871981621,2.087834596633911,-3.7563300132751465,0.8758032917976379,0.3663095533847809,0.0,0.0,0.7829486727714539,-0.465684175491333,5080.10791015625
159,-4.026793003082275,102.50467681884766,-138.2515869140625,-1.1022584438323975,3.921328544616699,-4.07918119430542,0.8642394542694092,0.3433745503425598,0.0,0.0,0.7745921611785889,-0.45161867141723633,5025.54296875
256,-2.2355294227600098,102.56129455566406,-139.9284210205078,-0.7715743780136108,2.7860467433929443,-3.8408594131469727,5.6386281060971655e-11,0.0,0.0,0.0,162.92088317871094,-0.3165668547153473,2.2989575521048522e-11
711,-2.7159297466278076,102.05116271972656,-138.83201599121094,0.2883201837539673,3.838198661804199,-3.621945858001709,0.24466831982135773,0.008704169653356075,0.0,0.0,0.2635400593280792,-0.41632068157196045,3437.84326171875
721,-1.550812005996704,102.26727294921875,-138.55079650878906,-0.22879166901111603,2.1964077949523926,-3.8479390144348145,0.23453542590141296,0.007975193671882153,0.0,0.0,0.2562642991542816,-0.2967621386051178,3410.8984375
580,-2.475442409515381,103.40306854248047,-138.35215759277344,-0.7834271192550659,3.918825149536133,-3.856727123260498,0.45149239897727966,0.029331907629966736,0.0,0.0,0.4154756963253021,-0.39597001671791077,3709.708740234375
719,-1.9381862878799438,103.7332763671875,-138.1105194091797,-0.2643437087535858,2.3329339027404785,-3.285248041152954,0.23505271971225739,0.008011896163225174,0.0,0.0,0.2566387951374054,-0.31650274991989136,3412.32373046875
801,-4.712910175323486,101.64836883544922,-138.59085083007812,-0.2966199219226837,2.6604278087615967,-4.608432292938232,0.1755884736776352,0.004210503771901131,0.0,0.0,0.21021142601966858,-0.3196412920951843,3210.2060546875
650,-3.195101022720337,102.15275573730469,-140.44195556640625,-0.6203842759132385,2.7703559398651123,-4.859487056732178,0.3221111595630646,0.014914412051439285,0.0,0.0,0.3172158896923065,-0.3107617497444153,3585.102783203125
622,-3.9864232540130615,102.17138671875,-139.066650390625,-0.166660338640213,2.0217344760894775,-3.9959020614624023,0.37390682101249695,0.01979965530335903,0.0,0.0,0.35409221053123474,-0.4643690288066864,3642.367431640625
863,-3.656937837600708,99.72486877441406,-139.02720642089844,-0.5866443514823914,3.0303423404693604,-4.039597034454346,0.13418644666671753,0.002173357643187046,0.0,0.0,0.1709343045949936,-0.22864553332328796,3017.4892578125
355,-3.518402338027954,102.80995178222656,-138.46395874023438,-1.149899959564209,2.967109203338623,-3.7800381183624268,0.9956011176109314,0.6845166683197021,0.0,0.0,0.8845745921134949,-0.5678587555885315,5587.9990234375
400,-3.581254243850708,103.48624420166016,-138.72732543945312,-0.7616763114929199,3.462991237640381,-4.142318248748779,4.35786162711338e-09,1.6114932339735396e-43,0.0,0.0,38.24811935424805,-0.4772014021873474,1.8721978634061998e-08
477,-3.9349522590637207,102.68003845214844,-139.0791473388672,-0.7867299318313599,2.470048427581787,-3.9609367847442627,0.7478699088096619,0.17224960029125214,0.0,0.0,0.6910515427589417,-0.5561383962631226,4477.77099609375
904,-4.393147945404053,101.7156982421875,-141.22752380371094,-1.0703409910202026,3.081212043762207,-3.8710057735443115,0.11800072342157364,0.0015414670342579484,0.0,0.0,0.15292635560035706,-0.22530505061149597,2927.6552734375
560,-4.0769805908203125,100.70307159423828,-138.5198974609375,0.009848786517977715,2.9941327571868896,-3.8035497665405273,0.48944297432899475,0.035777103155851364,0.0,0.0,0.4490382671356201,-0.2802482843399048,3750.05078125
605,-4.415575981140137,101.29370880126953,-139.25460815429688,-0.7207393050193787,2.898787260055542,-4.346884727478027,0.41422736644744873,0.024294110015034676,0.0,0.0,0.38485413789749146,-0.31414204835891724,3677.09375
782,-3.0951435565948486,103.24391174316406,-139.2661895751953,-0.5152302980422974,2.4441237449645996,-4.442017078399658,0.1878334879875183,0.0049173482693731785,0.0,0.0,0.22048750519752502,-0.4631423056125641,3258.504150390625
464,-3.0615739822387695,103.06995391845703,-137.82643127441406,-0.3777898848056793,2.705902576446533,-3.9776320457458496,0.8645484447479248,0.3439716696739197,0.0,0.0,0.7748136520385742,-0.4139091968536377,5027.0078125
897,-3.307183265686035,103.20238494873047,-138.81861877441406,0.46448302268981934,1.8917298316955566,-3.826301097869873,0.12097271531820297,0.0016500581987202168,0.0,0.0,0.15637506544589996,-0.5222158432006836,2944.88671875
842,-3.034356117248535,101.71633911132812,-138.5267333984375,-0.14655302464962006,2.3387606143951416,-4.377704620361328,0.14591695368289948,0.002691452857106924,0.0,0.0,0.1829257756471634,-0.4085894227027893,3077.065673828125
603,-4.190743446350098,104.91093444824219,-140.6950225830078,-0.06998832523822784,2.5590007305145264,-3.6597206592559814,0.41504329442977905,0.02439391054213047,0.0,0.0,0.3855006694793701,-0.21492619812488556,3677.7763671875
573,-4.003020286560059,101.54781341552734,-139.32577514648438,-0.003408093238249421,2.504274845123291,-4.126031398773193,0.45941734313964844,0.030551474541425705,0.0,0.0,0.42228537797927856,-0.3674048185348511,3717.34228515625
65,-4.304826259613037,103.27599334716797,-138.56077575683594,0.1280141919851303,2.375227451324463,-3.9506070613861084,3.098905324935913,96.20040893554688,0.0,0.0,2.1551406383514404,-0.42573583126068115,12326.3349609375
480,-5.054419040679932,101.85153198242188,-140.6882781982422,-0.965299665927887,2.904113292694092,-4.011724948883057,0.7299684882164001,0.15408466756343842,0.0,0.0,0.6769294142723083,-0.23404349386692047,4399.92919921875
533,-4.584321975708008,101.52883911132812,-138.9261932373047,0.036547839641571045,3.2519216537475586,-4.65418815612793,0.5550283193588257,0.051761694252491,0.0,0.0,0.5119941234588623,-0.3203792870044708,3851.653076171875
407,-3.4931857585906982,102.5342025756836,-137.9644775390625,-1.1519180536270142,3.0869526863098145,-4.007561683654785,2.6330666542053223,50.05296325683594,0.0,0.0,1.9226205348968506,-0.44627445936203003,11083.7880859375
984,-2.287708282470703,102.12326049804688,-138.055908203125,-0.2398279458284378,2.420276403427124,-3.147223711013794,0.09603747725486755,0.0008475890499539673,0.0,0.0,0.1364230215549469,-0.3498076796531677,2669.193359375
214,-1.9824714660644531,104.22650909423828,-138.5332794189453,0.05410267412662506,3.031707763671875,-3.794339895248413,7.695265258345074e-11,0.0,0.0,0.0,146.87911987304688,-0.3034079372882843,3.713071169975102e-11
334,-5.572577476501465,103.85433959960938,-137.78717041015625,0.06264496594667435,3.0438339710235596,-4.373143196105957,5.702862071466086e-10,0.0,0.0,0.0,75.336181640625,-0.24634748697280884,8.142949092793117e-10
475,-3.8743362426757812,103.25631713867188,-138.38755798339844,0.2957494854927063,3.0324645042419434,-4.160467624664307,0.7766987085342407,0.2055937945842743,0.0,0.0,0.7126750946044922,-0.4856841564178467,4608.76171875
923,-2.6532516479492188,102.726318359375,-138.80581665039062,-0.18861185014247894,3.021469831466675,-3.962064504623413,0.11113591492176056,0.0013037828030064702,0.0,0.0,0.14469027519226074,-0.45373213291168213,2886.417724609375
939,-3.768864393234253,103.08838653564453,-139.3314208984375,-1.1941624879837036,3.7351691722869873,-4.38292121887207,0.10856383293867111,0.0012195236049592495,0.0,0.0,0.14150215685367584,-0.9627270102500916,2870.407470703125
817,-1.5552729368209839,103.30667877197266,-138.2114715576172,-0.31315773725509644,3.8852808475494385,-3.9194633960723877,0.16619375348091125,0.003698749002069235,0.0,0.0,0.20197607576847076,-0.2964674234390259,3170.598876953125
179,-2.348651885986328,102.72818756103516,-138.36988830566406,0.43985602259635925,2.716733694076538,-3.469802141189575,0.3684675097465515,0.01924802176654339,0.0,0.0,0.35010263323783875,-0.4012855589389801,3637.27685546875
167,-2.493255853652954,103.3115005493164,-139.3306121826172,-0.3899988830089569,3.2635340690612793,-4.149575710296631,1.677221417427063,7.6485419273376465,0.0,0.0,1.5185719728469849,-0.40275752544403076,7797.484375
